Book Id,Title,Author,Author l-f,Additional Authors,ISBN,ISBN13,My Rating,Average Rating,Publisher,Binding,Number of Pages,Year Published,Original Publication Year,Date Read,Date Added,Bookshelves,Bookshelves with positions,Exclusive Shelf,My Review,Spoiler,Private Notes,Read Count,Owned Copies
55338968,The Cold Start Problem,Andrew Chen,"Chen, Andrew",,0062969749,9780062969743,0,4.22,Harper Business,Hardcover,386,2021,,,10/29/2022,,,read,,,,1,0
51475209,Small Pleasures,Clare Chambers,"Chambers, Clare",,1474613888,9781474613880,3,3.83,Weidenfeld & Nicolson,Hardcover,352,2021,2021,,9/21/2022,,,read,,,,1,0
26156469,Never Split the Difference: Negotiating As If Your Life Depended On It,Chris Voss,"Voss, Chris",Tahl Raz,0062407805,9780062407801,4,4.37,Harper Business,Hardcover,274,2016,2016,,2/6/2022,,,read,,,,1,0
54650835,Postcapitalist Desire: The Final Lectures,Mark Fisher,"Fisher, Mark",Matt Colquhoun,,,4,4.3,,,211,2020,2020,3/2/2022,2/17/2022,,,read,"very illuminating in certain parts, but there're a lot of philosophical references in there that I can't catch up with. will have a re-read later on.",,,1,0
44581535,"Find Me (Call Me By Your Name, #2)",André Aciman,"Aciman, André",,0374155011,9780374155018,4,3.28,"Farrar, Straus and Giroux",Hardcover,260,2019,2019,,1/21/2020,,,read,,,,1,0
41880609,On Earth We're Briefly Gorgeous,Ocean Vuong,"Vuong, Ocean",,0525562028,9780525562023,4,4.05,Penguin Press,Hardcover,246,2019,2019,1/15/2020,10/9/2019,,,read,,,,1,0
16284971,Left Hemisphere: Mapping Contemporary Theory,Razmig Keucheyan,"Keucheyan, Razmig",Gregory Elliott,1781681023,9781781681022,4,4.18,Verso,Hardcover,304,2013,2010,2/3/2022,2/19/2021,,,read,"tonnes of interesting ideas but given my lack of background knowledge, i could only absorb like 60% of what’s in the book… still, if you’re majoring in sociology, or philosophy, this would still be a great read to get an overview of the existing landscape.",,,1,0
1713426,Predictably Irrational: The Hidden Forces That Shape Our Decisions,Dan Ariely,"Ariely, Dan",,,,4,4.12,HarperCollins Canada ,Hardcover,247,2008,2008,5/18/2021,5/11/2021,,,read,,,,1,0
19170383,The Waves,Virginia Woolf,"Woolf, Virginia",,,9788074844997,0,4.15,e-artnow ebooks,Kindle Edition,172,2013,1931,,8/20/2020,to-read,to-read (#104),to-read,,,,1,0
12091253,Mẫu thượng ngàn,Nguyễn Xuân Khánh,"Khánh, Nguyễn Xuân",,,,4,4.36,NXB Phụ nữ,Paperback,,2006,2006,8/4/2021,8/4/2021,,,read,,,,1,0
22668729,Hooked: How to Build Habit-Forming Products,Nir   Eyal,"Eyal, Nir",,1591847788,9781591847786,3,4.1,Portfolio,Hardcover,256,2014,2013,,9/19/2022,,,read,,,,1,0
6885191,Start-up Nation: The Story of Israel's Economic Miracle,Dan Senor,"Senor, Dan",Saul Singer,044654146X,9780446541466,4,4.1,Twelve,Hardcover,304,2009,2009,,9/16/2022,,,read,,,,1,0
428,Play It As It Lays,Joan Didion,"Didion, Joan",David  Thomson,0374529949,9780374529949,3,3.91,"Farrar, Straus and Giroux",Paperback,231,2005,1970,,9/15/2022,,,read,,,,1,0
6214316,The Lords of Strategy: The Secret Intellectual History of the New Corporate World,Walter Kiechel III,"III, Walter Kiechel",,1591397820,9781591397823,0,3.96,Harvard Business Press,Hardcover,368,2010,2009,,9/14/2022,to-read,to-read (#103),to-read,,,,0,0
40710184,HBR Guide to Thinking Strategically (HBR Guide Series),Harvard Business Review,"Review, Harvard Business",,,,3,3.91,Harvard Business Review Press,Kindle Edition,304,2018,,,9/8/2022,,,read,,,,1,0
676610,How To Get Into the Top MBA Programs,Richard Montauk,"Montauk, Richard",,0735204233,9780735204232,3,3.98,Prentice Hall Press,Paperback,672,2007,,,6/10/2022,,,read,,,,1,0
339513,Schopenhauer as Educator,Friedrich Nietzsche,"Nietzsche, Friedrich",,0895269503,9780895269508,4,3.92,Regnery Pub,paperback,144,,1874,,8/28/2022,,,read,,,,1,0
52374,Against Interpretation and Other Essays,Susan Sontag,"Sontag, Susan",,0312280866,9780312280864,0,4.13,Picador,Paperback,312,2001,1966,,8/17/2022,to-read,to-read (#102),to-read,,,,0,0
36587484,Một đời quản trị,Phan Văn Trường,"Trường, Phan Văn",,,,4,4.51,,,,2017,2017,,8/3/2022,,,read,,,,1,0
38821039,The Making of a Manager: What to Do When Everyone Looks to You,Julie Zhuo,"Zhuo, Julie",,0735219567,9780735219564,4,4.24,Portfolio,Hardcover,288,2019,2019,,7/21/2022,,,read,,,,1,0
34876155,Return to Tipasa,Albert Camus,"Camus, Albert",,,,5,4.36,,,,,1950,5/5/2022,5/5/2022,,,read,endlessly fortunate to read this in phu quoc,,,1,0
13530973,Antifragile: Things That Gain from Disorder,Nassim Nicholas Taleb,"Taleb, Nassim Nicholas",,1400067820,9781400067824,5,4.1,Random House,Hardcover,426,2012,2012,,7/1/2021,favorites,favorites (#10),read,personally pretty transformative ,,,1,0
51291,How to Lie with Statistics,Darrell Huff,"Huff, Darrell",Irving Geis,0393310728,9780393310726,4,3.85,W. W. Norton & Company,Paperback,142,1982,1954,4/11/2022,6/9/2021,,,read,"short, funny, and informative. this takes like a day to read but changes my perspective a lot. after reading this book and Antifragile I'm starting to doubt the accuracy of all the stats and science rs I see....",,,2,0
22595534,Startup Growth Engines: Case Studies of How Today's Most Successful Startups Unlock Extraordinary Growth,Sean  Ellis,"Ellis, Sean",Morgan Brown,,,3,3.74,Sean Ellis and Morgan Brown,Kindle Edition,166,2014,2014,,4/9/2022,,,read,,,,1,0
20613616,Ways of Curating,Hans Ulrich Obrist,"Obrist, Hans Ulrich",,0865478198,9780865478190,0,3.98,"Farrar, Straus and Giroux",Hardcover,192,2014,2014,,4/8/2022,to-read,to-read (#101),to-read,,,,0,0
40672036,Digital Minimalism: Choosing a Focused Life in a Noisy World,Cal Newport,"Newport, Cal",,,,2,4.07,Portfolio,Kindle Edition,302,2019,2019,3/29/2022,3/28/2020,,,read,mainly bc i do most of this already ,,,1,0
39286958,Measure What Matters,John E. Doerr,"Doerr, John E.",,,,4,4,Penguin,Kindle Edition,320,2018,2017,,3/12/2022,,,read,super good book on leadership and organisational culture - more advice than tactics but I think it’s really nice.,,,1,0
26535513,Storytelling with Data: A Data Visualization Guide for Business Professionals,Cole Nussbaumer Knaflic,"Knaflic, Cole Nussbaumer",,1119002257,9781119002253,0,4.39,Wiley,Paperback,288,2015,2015,,3/12/2022,to-read,to-read (#100),to-read,,,,0,0
29939161,Radical Candor: Be a Kickass Boss Without Losing Your Humanity,Kim Malone Scott,"Scott, Kim Malone",,1250103509,9781250103505,3,4.09,St. Martin's Press,Hardcover,336,2017,2017,3/12/2022,3/12/2022,,,read,,,,1,0
21031,When Nietzsche Wept,Irvin D. Yalom,"Yalom, Irvin D.",,0060748125,9780060748128,0,4.36,Harper Perennial,Paperback,310,2005,1992,,2/27/2022,to-read,to-read (#99),to-read,,,,0,0
150253,"If Not, Winter: Fragments of Sappho",Sappho,"Sappho, Sappho",Anne Carson,1844080811,9781844080816,0,4.43,Virago,Paperback,397,2003,-550,,2/26/2022,to-read,to-read (#98),to-read,,,,0,0
464260,The Fire Next Time,James Baldwin,"Baldwin, James",,067974472X,9780679744726,5,4.54,Vintage,Paperback,106,1993,1963,,8/24/2021,,,read,"it’s amazing how Baldwin managed to show that much strength, resilience, and empathy in the face of all the atrocities that happened. amazing read.",,,1,0
16124612,How Should One Read a Book?,Virginia Woolf,"Woolf, Virginia",,,,4,4.05,,,20,,1926,8/14/2021,12/20/2021,,,read,,,,1,0
16123315,Không Gia Đình,Hector Malot,"Malot, Hector",Huỳnh Lý,,9786049637483,4,4.38,NXB Văn Học,Paperback,574,2009,1878,,9/10/2020,,,read,,,,1,0
22291538,Hà Nội Băm Sáu Phố Phường,Thạch Lam,"Lam, Thạch",,,,5,4.01,Nxb. Hội Nhà Văn & Nhã Nam,Paperback,130,2014,1943,,1/9/2022,,,read,,,,1,0
424,Slouching Towards Bethlehem,Joan Didion,"Didion, Joan",,,,5,4.19,Farrar Straus Giroux,Paperback,238,2008,1968,,12/9/2021,,,read,the type of writing i want to create,,,1,0
20696000,The Hundred-Year Marathon: China's Secret Strategy to Replace America as the Global Superpower,Michael Pillsbury,"Pillsbury, Michael",,1627790101,9781627790109,3,4.22,Henry Holt and Co.,Hardcover,336,2015,2014,2/16/2022,2/16/2022,,,read,"this book essentially offers a bird eye’s view of china’s national strategy, which is good. i appreciate the author’s effort to understand the subject’s culture and references a lot. however, what keeps me from totally endorse it is its rather biased tone: how it maintains this rosy view of the us’s moral ground and its innocuous intentions. a good introduction though.",,,1,0
55539565,Think Again: The Power of Knowing What You Don't Know,Adam M. Grant,"Grant, Adam M.",,1984878107,9781984878106,0,4.24,Viking Books,Hardcover,307,2021,2021,,2/10/2022,to-read,to-read (#97),to-read,,,,0,0
40180098,The Overstory,Richard Powers,"Powers, Richard",,039335668X,9780393356687,3,4.13,W.W. Norton & Company,Paperback,502,2019,2018,,9/8/2021,,,read,"good things first: i like a lot of the book’s ideas, and it certainly has its fair share of good quotes. however, it is not my cup of tea because of one main issue: too. many. words!<br/><br/>yes, i admire the author’s love for and knowledge of trees. if anything, i also wish to one day have a similar passion for life. nevertheless, i don’t think that any meaningful paragraph has to be accompanied by an even longer one describing a variety of trees in incredibly cryptic language. yes, trees are old and magnificent - the point only needs to be made once.<br/><br/>additionally, i find the character development a bit lacking. the only stories i find make sense are nick and neelay’s, while the leap of faith to loving trees of other characters are rather tenuous. in other words, i can’t quite grasp or empathize with why they did what they did.<br/><br/>finally, the thing that pushed me over the edge on this one is the rambling final part about “the learners”. this might be incredibly geeky but the portrayal of AI or technology as these scary beings that may one day enslave mankind and destroy trees are… unrealistic, to say the least. this is not to say that technology is always good, but if you’re going to include it in, i feel like it deserves a more nuanced representation than just to scare people off. instead of long winded and unnecessary paragraphs about how these learners are slowly becoming sentient (which is absolutely wrong by the way), how about exploring how technology can help? how it’s harming? what does it mean to be human, to be sentient?<br/><br/>so yeah, not a big fan. technology boogie manning is always a red flag for me, and the lengthy prose does not make this a quick read. if you don’t like the couple first chapters, you’re probably not gonna like the rest any better.",TRUE,,1,0
13525945,So Good They Can't Ignore You: Why Skills Trump Passion in the Quest for Work You Love,Cal Newport,"Newport, Cal",,1455509108,9781455509102,3,4.08,Business Plus,ebook,288,2012,2012,,2/6/2022,,,read,,,,1,0
50202953,Piranesi,Susanna Clarke,"Clarke, Susanna",,163557563X,9781635575637,0,4.25,Bloomsbury,Hardcover,245,2020,2020,,1/11/2022,to-read,to-read (#96),to-read,,,,0,0
616660,Three Thousand Years of Chinese Painting,Yang Xin,"Xin, Yang","Richard M. Barnhart, Nie Chongzheng, James Cahill, Lang            Shaojun, Wu Hung",0300094477,9780300094473,0,4.11,Yale University Press,Paperback,416,2002,1997,,1/4/2022,to-read,to-read (#95),to-read,,,,0,0
20153580,"Curves: Flowers, Foliates & Flourishes in The Formal Decorative Arts",Lisa DeLong,"DeLong, Lisa",,1904263887,9781904263883,0,4.29,Wooden Books,Paperback,58,2013,2013,,1/4/2022,to-read,to-read (#94),to-read,,,,0,0
6617037,"Debt: The First 5,000 Years",David Graeber,"Graeber, David",,1933633867,9781933633862,0,4.2,Melville House Publishing,Hardcover,534,2011,2011,,1/2/2022,to-read,to-read (#93),to-read,,,,0,0
54814676,Crying in H Mart,Michelle Zauner,"Zauner, Michelle",,0525657746,9780525657743,0,4.3,Knopf Publishing Group,Hardcover,242,2021,2021,,12/31/2021,to-read,to-read (#92),to-read,,,,0,0
55410610,Panenka,Ronan Hession,"Hession, Ronan",,1910422673,9781910422670,0,4.07,Bluemoose ,Hardcover,164,2021,,,12/30/2021,to-read,to-read (#91),to-read,,,,0,0
56816904,The Sentence,Louise Erdrich,"Erdrich, Louise",,006267112X,9780062671127,0,4,Harper,Hardcover,387,2021,2021,,12/24/2021,to-read,to-read (#90),to-read,,,,0,0
54785515,Four Thousand Weeks: Time Management for Mortals,Oliver Burkeman,"Burkeman, Oliver",,0374159122,9780374159122,0,4.27,"Farrar, Straus and Giroux",Hardcover,288,2021,2021,,12/24/2021,to-read,to-read (#89),to-read,,,,0,0
134891,Fragments,Heraclitus,"Heraclitus, Heraclitus","Brooks Haxton, James Hillman",0142437654,9780142437650,0,4.18,Penguin Classics,Paperback,97,2003,-500,,12/24/2021,to-read,to-read (#88),to-read,,,,0,0
8414574,Painters in Hanoi: An Ethnography of Vietnamese Art,Nora Annesley Taylor,"Taylor, Nora Annesley",,0824833554,9780824833558,0,4,University of Hawaii Press,Paperback,192,2009,2004,,12/18/2021,to-read,to-read (#87),to-read,,,,0,0
18521,A Room of One's Own,Virginia Woolf,"Woolf, Virginia",,,,0,4.2,Penguin Books,Paperback,112,2000,1928,,12/13/2021,to-read,to-read (#86),to-read,,,,0,0
46164,Tender Is the Night,F. Scott Fitzgerald,"Fitzgerald, F. Scott",Amor Towles,,,0,3.8,Scribner,Paperback,315,1995,1934,,12/13/2021,to-read,to-read (#85),to-read,,,,0,0
11438,What We Talk About When We Talk About Love,Raymond Carver,"Carver, Raymond",,0679723056,9780679723059,0,4.09,Vintage Books,Paperback,159,1989,1981,,12/9/2021,to-read,to-read (#84),to-read,,,,0,0
53215250,The Dangers of Smoking in Bed,Mariana Enríquez,"Enríquez, Mariana",Megan McDowell,0593134079,9780593134078,0,3.88,Hogarth Press,Hardcover,208,2021,2009,,12/9/2021,to-read,to-read (#83),to-read,,,,0,0
43890641,Hamnet,Maggie O'Farrell,"O'Farrell, Maggie",,1472223799,9781472223791,0,4.23,Tinder Press,Hardcover,372,2020,2020,,12/9/2021,to-read,to-read (#82),to-read,,,,0,0
29214420,Doughnut Economics: Seven Ways to Think Like a 21st-Century Economist,Kate Raworth,"Raworth, Kate",,1847941389,9781847941381,4,4.2,Random House Business,Paperback,384,2017,2017,,10/22/2021,,,read,,,,1,0
22296279,Gió đầu mùa,Thạch Lam,"Lam, Thạch",,,,0,4.09,"Hội Nhà Văn, Nhã Nam",Paperback,184,2014,1937,,4/15/2020,to-read,to-read (#25),to-read,,,,0,0
10054335,Rules of Civility,Amor Towles,"Towles, Amor",,,,4,4.07,Viking Adult,Hardcover,335,2011,2011,,9/8/2021,,,read,such lovely characters,,,1,0
46199,Letters to a Young Poet,Rainer Maria Rilke,"Rilke, Rainer Maria","Franz Xaver Kappus, Reginald Snell",0486422453,9780486422459,0,4.3,Dover Publications,Paperback,80,2002,1929,,10/4/2021,to-read,to-read (#81),to-read,,,,0,0
6095883,Design as Art,Bruno Munari,"Munari, Bruno",Patrick Creagh,0141035811,9780141035819,3,4.05,Penguin Classics,Paperback,224,2008,1966,,9/3/2021,,,read,"a couple of random takeaways:<br/>- the most important thing about design is function: a thing should be designed according to how it is used. stripping down all superfluous elements that don’t serve the function can reveal the core of a design.<br/>- visual language is always changing itself and affecting our behaviour. good use of visual language such as symbols can tell stories and evoke feelings like poetry.<br/>- art in general should strive to become more democratic.<br/>- all components of a design should live harmoniously next to one another. <br/>- a good designer should understand the intrinsic characters of important components like type, color, or composition, as well as how viewers react to them in the real world environment.<br/>- a design depends as much on its own merits as its surroundings.<br/>- studying and understanding nature and mundane objects can inspire art. <br/>- the core of creating art is play - experimenting, asking “what-ifs”, seeing things from weird vantage points, messing with forms and time and space and all things considered not to be messed with. <br/>- art should change its material and form to adapt to and reflect the times.<br/>- good art should be intuitive.<br/><br/>",,,1,0
28257707,The Subtle Art of Not Giving a F*ck: A Counterintuitive Approach to Living a Good Life,Mark Manson,"Manson, Mark",,,,3,3.91,Harper,Paperback,212,2016,2016,9/29/2021,9/29/2021,,,read,genuinely good advice sometimes obscured by edginess,,,1,0
143878,Total Freedom: The Essential Krishnamurti,J. Krishnamurti,"Krishnamurti, J.",,0060648805,9780060648800,0,4.37,HarperOne,Paperback,370,1996,1996,,9/19/2021,to-read,to-read (#80),to-read,,,,0,0
27220736,Shoe Dog: A Memoir by the Creator of Nike,Phil Knight,"Knight, Phil",,1501135910,9781501135910,4,4.47,Scribner,Hardcover,400,2016,2016,9/7/2021,9/7/2021,,,read,,,,1,0
72657,Pedagogy of the Oppressed,Paulo Freire,"Freire, Paulo","Myra Bergman Ramos, Donaldo Macedo, Richard Shaull",0826412769,9780826412768,0,4.3,Bloomsbury Academic,Paperback,192,2000,1968,,9/7/2021,to-read,to-read (#79),to-read,,,,0,0
49994260,"Limitless: Upgrade Your Brain, Learn Anything Faster, and Unlock Your Exceptional Life",Jim Kwik,"Kwik, Jim",,,,3,4.1,Hay House Inc.,Kindle Edition,343,2020,2020,,7/21/2021,,,read,,,,1,0
2034402,Designing Design,Kenya Hara,"Hara, Kenya",,303778105X,9783037781050,0,4.5,Lars Muller Publishers,Hardcover,467,2007,2003,,8/31/2021,to-read,to-read (#78),to-read,,,,0,0
271495,To Engineer Is Human: The Role of Failure in Successful Design,Henry Petroski,"Petroski, Henry",,0679734163,9780679734161,0,3.69,Vintage,Paperback,251,1992,1985,,8/31/2021,to-read,to-read (#77),to-read,,,,0,0
57897389,Hạnh phúc là con đường,TS. Hà Vĩnh Thọ,"Thọ, TS. Hà Vĩnh",,,,3,4.18,,Paperback,363,2021,,,8/31/2021,,,read,"would be a very good read for educators, looking to plan exercises that cultivate mindfulness, care, and tranquility - basically a healthy mind. good read!",,,1,0
41940285,"User Friendly: How the Hidden Rules of Design Are Changing the Way We Live, Work, and Play",Cliff Kuang,"Kuang, Cliff",Robert Fabricant,,,0,4.14,MCD,Hardcover,416,2019,2019,,8/28/2021,to-read,to-read (#76),to-read,,,,0,0
30141085,Siddartha,Hermann Hesse,"Hesse, Hermann",,,,5,4.05,,Paperback,131,,1922,4/7/2020,4/6/2020,,,read,"now that i’m reading this book again in a rather strange and new chapter of my life, i’m floored by how it has guided me in all the paths i took without me even knowing. Hermann Hesse is amazing.",,,1,0
11250317,The Song of Achilles,Madeline Miller,"Miller, Madeline",,1408816032,9781408816035,4,4.38,Bloomsbury Publishing,Hardcover,352,2011,2011,,12/30/2019,,,read,,,,1,0
60044,Class: A Guide Through the American Status System,Paul Fussell,"Fussell, Paul",,0671792253,9780671792251,0,3.92,Touchstone,Paperback,208,1992,1983,,8/24/2021,to-read,to-read (#75),to-read,,,,0,0
31138556,Homo Deus: A History of Tomorrow,Yuval Noah Harari,"Harari, Yuval Noah",,,,3,4.22,Harper,Kindle Edition,450,2017,2015,,8/24/2021,,,read,"to be honest, i am rather disappointed. the beginning of it was fine: insightful and compelling, just like Sapiens. however, it really got off track once it started talking about algorithms, data, and technology in general. i feel like that section of the book meant to evoke emotional responses more than inform, and quite a lot of the content can mislead people about the true nature of technologies. <br/><br/>for instance, Yuval dedicates an entire chapter to talk about how people will just give control to algorithms because they’re always more accurate. this ignores the fact that there are biases embedded in the algorithms in the first place that make them potentially wrong. because algorithms are created BY HUMANS. overall, the book seems to paint a future where humans have little ownership and ignore the myriad of ethical and practical discussions currently going on about ML and AI.<br/><br/>also, if technology is going to depower us that much, i expected Yuval to spend more time delineating who is guiding technology, how can we exert influence and take control of our own future too, what skills we can learn to empower ourselves, etc.<br/><br/>overall, this may be one of the times when storytelling triumphes over substance.",,,1,0
50144,Kitchen,Banana Yoshimoto,"Yoshimoto, Banana",Megan Backus,0802142443,9780802142443,4,3.89,Grove Press,Paperback,160,2006,1988,7/20/2021,5/15/2021,,,read,,,,1,0
38242135,"AI Superpowers: China, Silicon Valley, and the New World Order",Kai-Fu Lee,"Lee, Kai-Fu",,132854639X,9781328546395,3,4.12,Mariner Books,Hardcover,255,2018,2018,,2/6/2021,,,read,,,,1,0
18176747,The Hard Thing About Hard Things: Building a Business When There Are No Easy Answers,Ben Horowitz,"Horowitz, Ben",,0062273205,9780062273208,0,4.23,Harper Business,Hardcover,304,2014,2014,,8/15/2021,to-read,to-read (#74),to-read,,,,0,0
4069,Man's Search for Meaning,Viktor E. Frankl,"Frankl, Viktor E.","Harold S. Kushner, William J. Winslade, Isle Lasch",080701429X,9780807014295,0,4.37,Beacon Press,Paperback,165,2006,1946,,8/15/2021,to-read,to-read (#73),to-read,,,,0,0
632650,Advice on Dying: And Living a Better Life,Dalai Lama XIV,"XIV, Dalai Lama",Jeffrey Hopkins,0743463021,9780743463027,0,3.79,Atria,Hardcover,240,2002,2002,,8/15/2021,to-read,to-read (#72),to-read,,,,0,0
46158689,Francis Bacon: Books and Painting,Didier Ottinger,"Ottinger, Didier","Chris Stephens, Miguel Egaña, Michael Peppiatt, Catherine Howe, Serge Lasvignes, Bernard Blistene, Ruth Sharman",0500239983,9780500239988,0,4.72,Thames & Hudson,Hardcover,242,2019,1996,,8/15/2021,to-read,to-read (#71),to-read,,,,0,0
18050143,"Zero to One: Notes on Startups, or How to Build the Future",Peter Thiel,"Thiel, Peter",Blake  Masters,0804139296,9780804139298,3,4.18,Crown Business,Hardcover,195,2014,2014,,8/11/2021,,,read,,,,1,0
48570454,Transcendent Kingdom,Yaa Gyasi,"Gyasi, Yaa",,,,0,4.13,Knopf,Hardcover,264,2020,2020,,8/4/2021,to-read,to-read (#70),to-read,,,,0,0
30736,The Complete Essays of Montaigne,Michel de Montaigne,"Montaigne, Michel de",Donald Frame,0804704864,9780804704861,0,4.24,Stanford University Press,Paperback,908,1958,1580,,7/21/2021,to-read,to-read (#69),to-read,,,,0,0
25814544,Sprint: How to Solve Big Problems and Test New Ideas in Just Five Days,Jake Knapp,"Knapp, Jake","John Zeratsky, Brad Kowitz",,9781501121746,3,4.2,Simon  Schuster,Hardcover,274,2016,2016,,5/29/2021,,,read,,,,1,0
34427200,"The Four: The Hidden DNA of Amazon, Apple, Facebook, and Google",Scott Galloway,"Galloway, Scott",,0735213658,9780735213654,4,3.85,Portfolio,Hardcover,320,2017,2017,,7/13/2021,,,read,,,,1,0
2784,Ways of Seeing,John Berger,"Berger, John",,0140135154,9780140135152,5,3.91,Penguin,Paperback,176,1990,1972,7/10/2021,11/20/2020,,,read,"this book surprises me! the author has such an awesome perspective on art, relating it to feminism, capitalism, class conflict, and so much more. definitely recommend it.",,,1,0
36722636,The Deep Learning Revolution,Terrence J. Sejnowski,"Sejnowski, Terrence J.",,026203803X,9780262038034,2,3.75,MIT Press,Hardcover,352,2018,2018,7/10/2021,4/12/2021,,,read,"this one is my fault for not doing careful research beforehand... it has interesting insights but is very technical and requires a lot of prior knowledge. would be suitable for someone learning about neural networks in-depth, not for beginners or those looking for analysis of real-world applications. the writing is very good though! it's just not for me.",,,1,0
42611483,Escaping the Build Trap: How Effective Product Management Creates Real Value,Melissa Perri,"Perri, Melissa",,,,0,4.34,O'Reilly Media,Kindle Edition,200,2018,2018,,6/21/2021,to-read,to-read (#68),to-read,,,,0,0
97412,On the Shortness of Life,Seneca,"Seneca, Seneca",Charles Desmond Nuttall Costa,0143036327,9780143036326,0,4.19,Penguin Books,Paperback,106,2005,49,,6/11/2021,to-read,to-read (#67),to-read,,,,0,0
41104077,Invisible Women: Data Bias in a World Designed for Men,Caroline Criado Pérez,"Pérez, Caroline Criado",,1419729071,9781419729072,0,4.37,Abrams Press,Hardcover,318,2019,2019,,6/11/2021,to-read,to-read (#66),to-read,,,,0,0
31945168,Together and By Ourselves,Alex Dimitrov,"Dimitrov, Alex",,1556595107,9781556595103,0,3.95,Copper Canyon Press,Paperback,96,2017,2017,,6/3/2021,to-read,to-read (#65),to-read,,,,0,0
17046560,Afterlives of the Saints,Colin Dickey,"Dickey, Colin",,160953073X,9781609530730,0,3.89,Unbridled Books,ebook,288,2012,2012,,6/3/2021,to-read,to-read (#64),to-read,,,,0,0
31395589,Notes of a Crocodile,Qiu Miaojin,"Miaojin, Qiu",Bonnie Huie,168137076X,9781681370767,0,3.82,NYRB Classics,Paperback,242,2017,1994,,6/3/2021,to-read,to-read (#63),to-read,,,,0,0
14082,Malgudi Days,R.K. Narayan,"Narayan, R.K.",Jhumpa Lahiri,0143039652,9780143039655,0,4.21,Penguin Classics,Paperback,264,2006,1943,,6/2/2021,to-read,to-read (#62),to-read,,,,0,0
82120,The Worldly Philosophers,Robert L. Heilbroner,"Heilbroner, Robert L.",,068486214X,9780684862149,0,4.15,Touchstone/Simon & Schuster (NY),Paperback,368,1999,1953,,5/23/2021,to-read,to-read (#61),to-read,,,,0,0
13376363,Teaching My Mother How to Give Birth,Warsan Shire,"Shire, Warsan",,1905233299,9781905233298,0,4.26,Flipped Eye,Paperback,37,2011,2011,,5/22/2021,to-read,to-read (#60),to-read,,,,0,0
76865,Good to Great: Why Some Companies Make the Leap... and Others Don't,James C. Collins,"Collins, James C.",,0066620996,9780066620992,4,4.13,Harper Business,Hardcover,300,2001,2001,5/21/2021,3/11/2021,,,read,,,,1,0
43352954,This is How You Lose the Time War,Amal El-Mohtar,"El-Mohtar, Amal",Max Gladstone,,,0,3.96,Saga Press,Kindle Edition,209,2019,2019,,5/15/2021,to-read,to-read (#59),to-read,,,,0,0
35519,The Power of Myth,Joseph Campbell,"Campbell, Joseph",Bill Moyers,0385418868,9780385418867,0,4.26,Anchor,Paperback,320,1988,1988,,10/5/2020,currently-reading,currently-reading (#1),currently-reading,,,,1,0
52283963,The Mom Test: How to talk to customers & learn if your business is a good idea when everyone is lying to you,Rob  Fitzpatrick,"Fitzpatrick, Rob",,,,4,4.36,Robfitz Ltd,Kindle Edition,138,2019,2013,,2/20/2021,,,read,,,,1,0
51791252,The Vanishing Half,Brit Bennett,"Bennett, Brit",,,,4,4.18,Riverhead Books,Hardcover,343,2020,2020,4/24/2021,3/1/2021,,,read,,,,1,0
11297,Norwegian Wood,Haruki Murakami,"Murakami, Haruki",Jay Rubin,0375704027,9780375704024,3,4.03,Vintage Books,Paperback,296,2000,1987,4/23/2021,10/9/2019,,,read,,,,1,0
23692271,Sapiens: A Brief History of Humankind,Yuval Noah Harari,"Harari, Yuval Noah",,,,5,4.39,Vintage,Paperback,512,2015,2011,4/16/2021,2/25/2021,,,read,,,,1,0
144409,From Third World to First: The Singapore Story: 1965-2000,Lee Kuan Yew,"Yew, Lee Kuan",Henry Kissinger,0060197765,9780060197766,0,4.43,Harper,Hardcover,752,2000,2000,,4/7/2021,to-read,to-read (#58),to-read,,,,0,0
12218696,Otogizōshi: The Fairy Tale Book of Dazai Osamu,Osamu Dazai,"Dazai, Osamu","Joel Cohn, Ralph F. McCarthy",4902075407,9784902075403,0,3.95,Kurodahan Press,Paperback,123,2011,1945,,4/1/2021,to-read,to-read (#57),to-read,,,,0,0
51152447,Caste: The Origins of Our Discontents,Isabel Wilkerson,"Wilkerson, Isabel",,0593230256,9780593230251,0,4.54,Random House,Hardcover,496,2020,2020,,4/1/2021,to-read,to-read (#56),to-read,,,,0,0
1618,The Curious Incident of the Dog in the Night-Time,Mark Haddon,"Haddon, Mark",,1400032717,9781400032716,0,3.89,Vintage,Paperback,226,2004,2003,,3/10/2021,to-read,to-read (#55),to-read,,,,0,0
25899336,When Breath Becomes Air,Paul Kalanithi,"Kalanithi, Paul",,,,5,4.38,Random House,Kindle Edition,208,2016,2016,2/25/2021,2/19/2021,,,read,,,,1,0
37806564,How to Become a Straight-A Student,Cal Newport,"Newport, Cal",,,,4,4.05,Three Rivers Press,Kindle Edition,224,2006,2006,2/25/2021,1/31/2021,,,read,,,,2,0
22329485,Shanghai Homes: Palimpsests of Private Life,Jie Li,"Li, Jie",,0231167172,9780231167178,0,4.22,Columbia University Press,Paperback,280,2014,2014,,2/23/2021,to-read,to-read (#54),to-read,,,,0,0
457264,The Second Sex,Simone de Beauvoir,"Beauvoir, Simone de","H.M. Parshley, Deirdre Bair",0679724516,9780679724513,0,4.15,Vintage,Paperback,746,1989,1949,,10/9/2019,to-read,to-read (#53),to-read,,,,0,0
2547,The Prophet,Kahlil Gibran,"Gibran, Kahlil",,000100039X,9780001000391,5,4.23,Rupa & Co,Paperback,127,2010,1923,,9/17/2020,,,read,,,,1,0
13600473,Vang bóng một thời,Nguyễn Tuân,"Tuân, Nguyễn",,,,5,4.23,Văn Học,Paperback,219,2011,1940,2/16/2021,1/5/2021,,,read,"""Cụ Kép thường nói với lớp bạn cũ rằng có một vườn hoa là một việc dễ dàng, nhưng đủ thời giờ mà săn sóc đến hoa mới là việc khó. Cụ muốn nói rằng người chơi hoa nhiều khi phải lấy cái chí thành, chí tình ra mà đối đãi với cả đến cái đẹp không bao giờ lên tiếng nói. Như thế mới phải đạo, đạo của người tài tử. Chứ còn cứ gây được nên một khoảnh vườn, khuân hoa cỏ ở các nơi về mà trồng phó mặc chúng ở giữa trời, đầy chúng ra mưa nắng với thờ ơ, chúng trổ bông không biết đến, chúng tàn lá cũng không hay, thì chơi hoa làm gì thêm tội với Chúa Xuân.""",,,1,0
43263515,The Monster of Elendhaven,Jennifer Giesbrecht,"Giesbrecht, Jennifer",,125022568X,9781250225689,4,3.56,Tordotcom,Hardcover,160,2019,2019,2/19/2021,2/10/2021,,,read,"magical, brutal, and gay. an entertaining read.",,,1,0
34473,In Praise of Shadows,Jun'ichirō Tanizaki,"Tanizaki, Jun'ichirō","Edward G. Seidensticker, Thomas J. Harper, Charles Moore",,,3,4.06,Leete's Island Books,Paperback,56,1977,1933,2/13/2021,11/19/2020,,,read,"*things i like about this:<br/>1. it made an interesting point about the distinct aesthetics of the east: silence, dimness, subtlety.<br/>2. it pointed out the significant bearing of technology on culture and vice versa.<br/>3. i swear there was a third point but i just forgot it... i'll get back here when i remember lol<br/>*things i do not like about this:<br/>1. in discussions about aesthetics, it is good sense to ask who gets to decide what beauty is. in this case, there is an abstract ""we"" deciding that to curate feminine beauty, ""we"" must put them away in dark rooms and dye their teeth black; ""we"" must dress and exhibit properly. the fetishisation and alienation is clear: ""Our ancestors cut off the brightness on the land from above and created a world of shadows, and far in the depths of it they placed woman, marking her the whitest of beings."" does this imply somehow that our ancestors do not include women?<br/>2. there are also instances of internalised racism - yellow skin is deemed ""dirty"", and the consequent dizzying chain of argument seems alarmingly sympathetic of anti-black sentiments.<br/>after all, a readable piece of work. however, one must be very careful in reading it.",,,1,0
18490568,"Age of Ambition: Chasing Fortune, Truth, and Faith in the New China",Evan Osnos,"Osnos, Evan",,0374280746,9780374280741,0,4.25,"Farrar, Straus and Giroux",Hardcover,403,2014,2014,,2/6/2021,to-read,to-read (#52),to-read,,,,0,0
12158480,"Why Nations Fail: The Origins of Power, Prosperity, and Poverty",Daron Acemoğlu,"Acemoğlu, Daron",James A. Robinson,0307719219,9780307719218,5,4.08,Crown Business,Hardcover,529,2012,2012,,2/5/2021,,,read,,,,1,0
9555,The Elephant Vanishes,Haruki Murakami,"Murakami, Haruki","Jay Rubin, John Chancer, Alfred Birnbaum",,,0,3.85,Vintage,Paperback,327,1994,1993,,1/26/2021,to-read,to-read (#51),to-read,,,,0,0
23557281,Một đời thương thuyết,Phan Văn Trường,"Trường, Phan Văn",,,9786041057289,5,4.39,Nhà xuất bản Trẻ,Paperback,380,2014,2014,1/22/2021,1/5/2021,,,read,,,,1,0
40121378,Atomic Habits: An Easy & Proven Way to Build Good Habits & Break Bad Ones,James Clear,"Clear, James",,,,4,4.38,Avery,Kindle Edition,319,2018,2018,1/5/2021,1/4/2021,,,read,,,,1,0
43985193,Call Me By Your Name,André Aciman,"Aciman, André",,,,4,4.13,"Farrar, Straus and Giroux",Kindle Edition,256,2008,2007,4/26/2019,4/25/2019,favorites,favorites (#9),read,,,,1,0
4929,Kafka on the Shore,Haruki Murakami,"Murakami, Haruki",Philip Gabriel,1400079276,9781400079278,4,4.14,Vintage International,Paperback,467,2006,2002,,10/9/2019,favorites,favorites (#8),read,,,,1,0
16793,Stardust,Neil Gaiman,"Gaiman, Neil",,0061142026,9780061142024,5,4.1,Harper Perennial,Paperback,248,2006,1998,,10/9/2019,favorites,favorites (#7),read,,,,1,0
34066798,A Gentleman in Moscow,Amor Towles,"Towles, Amor",,,,5,4.34,Penguin Books,Paperback,462,2019,2016,,10/9/2019,favorites,favorites (#6),read,,,,1,0
29044,The Secret History,Donna Tartt,"Tartt, Donna",,1400031702,9781400031702,5,4.16,Vintage,Paperback,559,2004,1992,12/15/2019,10/9/2019,favorites,favorites (#5),read,,,,1,0
8694389,Deathless,Catherynne M. Valente,"Valente, Catherynne M.",,0765326302,9780765326300,5,3.98,Tor Books,Hardcover,352,2011,2011,,12/18/2019,favorites,favorites (#4),read,,,,1,0
320,One Hundred Years of Solitude,Gabriel García Márquez,"Márquez, Gabriel García",Gregory Rabassa,,,5,4.1,Harper,Mass Market Paperback,417,2003,1967,,12/17/2019,favorites,favorites (#3),read,,,,1,0
22822858,A Little Life,Hanya Yanagihara,"Yanagihara, Hanya",,,,5,4.33,Doubleday,Hardcover,720,2015,2015,6/13/2020,12/30/2019,favorites,favorites (#2),read,"one of the hardest books i’ve ever read. beautiful, awful, magnificent. i love it so much, but i probably won’t have the courage to read it again.",,,1,0
13152194,Tiny Beautiful Things: Advice on Love and Life from Dear Sugar,Cheryl Strayed,"Strayed, Cheryl",,030794932X,9780307949325,5,4.29,Vintage,ebook,354,2012,2012,,11/14/2020,favorites,favorites (#1),read,"it is deeply comforting to see my most intimate revelations present in other people’s lives. it affirms me that i am not alone, that becoming is a shared reality among us all, and that someday along the line, i would know some answers and infinite questions about myself as sugar does. sorry if this doesn’t make any sense, but i think for those of excessive sentiment as i unfortunately am, this will make for a good read.",,,1,0
20342617,Just Mercy: A Story of Justice and Redemption,Bryan Stevenson,"Stevenson, Bryan",,,,4,4.63,Spiegel & Grau,Hardcover,336,2014,2014,,9/4/2020,,,read,,,,1,0
1450766,The Ugly Chinaman and the Crisis of Chinese Culture,Bo Yang,"Yang, Bo","Don J. Cohn, Jing Qing",1863731164,9781863731164,0,3.68,Allen & Unwin Australia,Hardcover,,1992,1981,,12/30/2020,to-read,to-read (#50),to-read,,,,0,0
29496453,The Book of Joy: Lasting Happiness in a Changing World,Dalai Lama XIV,"XIV, Dalai Lama","Desmond Tutu, Douglas Carlton Abrams",0399185046,9780399185045,0,4.37,Avery,Hardcover,354,2016,2016,,12/26/2020,to-read,to-read (#49),to-read,,,,0,0
35099718,So You Want to Talk About Race,Ijeoma Oluo,"Oluo, Ijeoma",,1580056776,9781580056779,0,4.51,Seal Press,Hardcover,248,2018,2018,,12/25/2020,to-read,to-read (#48),to-read,,,,0,0
18363074,The New Front Page,Tim Dunlop,"Dunlop, Tim",,1922070548,9781922070548,0,3.84,Scribe,Paperback,272,2013,2013,,12/23/2020,to-read,to-read (#47),to-read,,,,0,0
22309627,"How to Love (Mindfulness Essentials, #3)",Thich Nhat Hanh,"Hanh, Thich Nhat",Jason DeAntonis,1937006883,9781937006884,5,4.31,Parallax Press,Paperback,128,2014,2014,,5/31/2020,,,read,,,,2,0
1202,Freakonomics: A Rogue Economist Explores the Hidden Side of Everything,Steven D. Levitt,"Levitt, Steven D.",Stephen J. Dubner,0061234001,9780061234002,0,4,William Morrow,Hardcover,268,2006,2005,,12/21/2020,to-read,to-read (#46),to-read,,,,0,0
16060208,Trà Hoa Nữ,Alexandre Dumas fils,"fils, Alexandre Dumas",Hải Nguyên,,,4,4.03,Nxb. Văn Học,Paperback,298,2006,1848,,8/30/2020,,,read,,,,1,0
3228917,Outliers: The Story of Success,Malcolm Gladwell,"Gladwell, Malcolm",,0316017922,9780316017923,4,4.19,"Little, Brown and Company",Hardcover,309,2008,2008,,10/9/2019,,,read,,,,1,0
25135194,Prisoners of Geography: Ten Maps That Tell You Everything You Need to Know About Global Politics,Tim  Marshall,"Marshall, Tim",,1783961414,9781783961412,4,4.2,Elliott & Thompson,Hardcover,256,2015,2015,,5/12/2020,,,read,,,,1,0
25744928,Deep Work: Rules for Focused Success in a Distracted World,Cal Newport,"Newport, Cal",,1455586692,9781455586691,3,4.19,Grand Central Publishing,Hardcover,296,2016,2016,,4/10/2020,,,read,,,,1,0
12161911,Đội gạo lên chùa,Nguyễn Xuân Khánh,"Khánh, Nguyễn Xuân",,,,5,4.38,Phụ Nữ,Paperback,868,2011,2011,,12/16/2020,,,read,,,,1,0
841446,"Essays in Zen Buddhism, First Series",D.T. Suzuki,"Suzuki, D.T.",Christmas Humphreys,0802151183,9780802151186,0,4.27,Grove Press,Paperback,388,1994,1925,,12/8/2020,to-read,to-read (#45),to-read,,,,0,0
76546,The Wild Iris,Louise Glück,"Glück, Louise",,0880013346,9780880013345,0,4.17,Ecco,Paperback,65,1993,1992,,11/25/2020,to-read,to-read (#44),to-read,,,,0,0
45013049,Antkind,Charlie Kaufman,"Kaufman, Charlie",,,,0,3.68,Fourth Estate,Kindle Edition,720,2020,2020,,11/14/2020,to-read,to-read (#43),to-read,,,,0,0
18387373,"Selves, Symbols, and Sexualities: An Interactionist Anthology",Thomas S. Weinberg,"Weinberg, Thomas S.",Staci D Newmahr,145227665X,9781452276656,0,4.5,"Sage Publications, Inc",Paperback,344,2014,2014,,11/14/2020,to-read,to-read (#42),to-read,,,,0,0
381440,The Society of the Spectacle,Guy Debord,"Debord, Guy",Donald Nicholson-Smith,0942299795,9780942299793,0,4.02,Zone Books,Paperback,160,1995,1967,,11/14/2020,to-read,to-read (#41),to-read,,,,0,0
6334,Never Let Me Go,Kazuo Ishiguro,"Ishiguro, Kazuo",,,,3,3.84,Vintage Books ,Paperback,288,2010,2005,,8/21/2020,,,read,,,,1,0
9717,The Unbearable Lightness of Being,Milan Kundera,"Kundera, Milan","Michael Henry Heim, Richmond Hoxie",0571224385,9780571224388,0,4.11,Harper Perennial,Paperback,320,2009,1984,,12/17/2019,to-read,to-read (#40),to-read,,,,1,0
52254343,Essays In Love,Alain de Botton,"Botton, Alain de",,9781447235,,0,3.97,Picador,Paperback,212,2006,1993,,12/30/2019,to-read,to-read (#10),to-read,,,,0,0
574603,Victory at Any Cost: The Genius of Viet Nam's Gen. Vo Nguyen Giap,Cecil B. Currey,"Currey, Cecil B.",,1574887424,9781574887426,0,4.16,Potomac Books,Paperback,434,2005,1996,,10/13/2020,to-read,to-read (#39),to-read,,,,0,0
189123,Love in a Fallen City,Eileen Chang,"Chang, Eileen",Karen S. Kingsbury,1590171780,9781590171783,0,3.84,NYRB Classics,Paperback,321,2006,1943,,10/8/2020,to-read,to-read (#38),to-read,,,,0,0
11989,The Plague,Albert Camus,"Camus, Albert",Stuart Gilbert,,,0,4.02,Vintage International,Paperback,308,1991,1947,,10/5/2020,to-read,to-read (#37),to-read,,,,0,0
18143977,All the Light We Cannot See,Anthony Doerr,"Doerr, Anthony",,1476746583,9781476746586,4,4.32,Scribner,Hardcover,531,2014,2014,,1/1/2020,,,read,,,,1,0
2199,Team of Rivals: The Political Genius of Abraham Lincoln,Doris Kearns Goodwin,"Goodwin, Doris Kearns",,,,0,4.26,Simon & Schuster,Paperback,916,2006,2005,,9/10/2020,to-read,to-read (#36),to-read,,,,0,0
16893,The Crack-Up,F. Scott Fitzgerald,"Fitzgerald, F. Scott",Edmund Wilson,0811212475,9780811212472,0,3.9,New Directions Publishing Corporation,Paperback,347,2003,1936,,9/10/2020,to-read,to-read (#35),to-read,,,,0,0
39105652,Decolonizing the University,Gurminder K. Bhambra,"Bhambra, Gurminder K.","Kerem Nisancioglu, Delia Gebrial",0745338208,9780745338200,0,4.18,Pluto Press,Paperback,240,2018,,,9/10/2020,to-read,to-read (#34),to-read,,,,0,0
21413662,"What If? Serious Scientific Answers to Absurd Hypothetical Questions (What If?, #1)",Randall Munroe,"Munroe, Randall",,0544272994,9780544272996,0,4.14,Mariner Books,Hardcover,303,2014,2014,,9/10/2020,to-read,to-read (#33),to-read,,,,0,0
48507288,Good Economics for Hard Times: Better Answers to Our Biggest Problems,Abhijit V. Banerjee,"Banerjee, Abhijit V.",Esther Duflo,,,0,4.25,Penguin Books,Hardcover,416,2019,2019,,9/10/2020,to-read,to-read (#32),to-read,,,,0,0
23841432,Night Sky with Exit Wounds,Ocean Vuong,"Vuong, Ocean",,,,0,4.22,Copper Canyon Press,Paperback,89,2016,2016,,9/8/2020,to-read,to-read (#31),to-read,,,,0,0
6149,Beloved,Toni Morrison,"Morrison, Toni",,,9781400033416,0,3.92,Vintage,Kindle Edition,324,2004,1987,,9/4/2020,to-read,to-read (#30),to-read,,,,0,0
34080,The Waste Land,T.S. Eliot,"Eliot, T.S.",Michael North,0393974995,9780393974997,5,4.1,W.W. Norton & Company,Paperback,320,2000,1922,,8/15/2020,,,read,,,,1,0
35996146,Madame Bovary,Gustave Flaubert,"Flaubert, Gustave",,,,0,3.69,AmazonClassics,Kindle Edition,372,2017,1856,,8/20/2020,to-read,to-read (#29),to-read,,,,0,0
12555,The Bonesetter's Daughter,Amy Tan,"Tan, Amy",,0345457374,9780345457370,0,3.99,Ballantine Books,Paperback,387,2003,2001,,8/19/2020,to-read,to-read (#28),to-read,,,,0,0
5297,The Picture of Dorian Gray,Oscar Wilde,"Wilde, Oscar",Jeffrey Eugenides,,,4,4.11,Random House: Modern Library,Paperback,272,2004,1890,8/17/2020,12/18/2019,,,read,,,,1,0
13075601,Chùa Đàn,Nguyễn Tuân,"Tuân, Nguyễn",,,,4,3.96,,Bìa mềm,,1989,1946,4/14/2020,4/12/2020,,,read,,,,1,0
118287,The Body in Pain: The Making and Unmaking of the World,Elaine Scarry,"Scarry, Elaine",,0195049969,9780195049961,0,4.13,"Oxford University Press, USA",Paperback,385,1987,1985,,8/15/2020,to-read,to-read (#27),to-read,,,,0,0
10087892,All Things Shining: Reading the Western Classics to Find Meaning in a Secular Age,Hubert L. Dreyfus,"Dreyfus, Hubert L.",Sean Dorrance Kelly,1439101701,9781439101704,0,3.73,Free Press,ebook,272,2011,2010,,8/15/2020,to-read,to-read (#26),to-read,,,,0,0
13641387,"The Value of Art: Money, Power, Beauty",Michael Findlay,"Findlay, Michael",,3791346385,9783791346380,3,4.03,Prestel,Hardcover,208,2012,2012,,10/9/2019,,,read,,,,1,0
32486486,Xuân Quỳnh - Thơ và đời,Xuân Quỳnh,"Quỳnh, Xuân",Vân Long,,,4,4.47,NXB Văn học,Paperback,272,2010,1998,,8/3/2020,,,read,,,,1,0
4214,Life of Pi,Yann Martel,"Martel, Yann",,0770430074,9780770430078,4,3.93,Seal Books,Paperback,460,2006,2001,,4/15/2020,,,read,,,,1,0
15701232,Bản Sắc Văn Hóa Việt Nam,Phan Ngọc,"Ngọc, Phan",,,,4,3.53,NXB Văn Hoá Thông Tin,,495,2013,1998,,7/14/2020,,,read,,,,1,0
11870085,The Fault in Our Stars,John Green,"Green, John",,,,4,4.16,Dutton Books,Hardcover,313,2012,2012,,8/21/2019,,,read,,,,1,0
10959,Sophie's World,Jostein Gaarder,"Gaarder, Jostein","Paulette Møller, Eglė Išganaitytė- Paulauskienė",1857993284,9781857993288,4,3.95,Phoenix,Paperback,403,1995,1991,12/15/2019,10/9/2019,,,read,,,,1,0
24861,Demian: Die Geschichte von Emil Sinclairs Jugend,Hermann Hesse,"Hesse, Hermann",Thomas Mann,,9783518367063,4,4.13,Suhrkamp Verlag,Paperback,193,1974,1919,12/15/2019,10/9/2019,,,read,,,,1,0
20820994,I'll Give You the Sun,Jandy Nelson,"Nelson, Jandy",,0803734964,9780803734968,4,4.15,Dial Books,Hardcover,371,2014,2014,12/17/2019,10/9/2019,,,read,,,,1,0
49455,Notes from Underground,Fyodor Dostoevsky,"Dostoevsky, Fyodor","Richard Pevear, Larissa Volokhonsky, Donald Fanger",067973452X,9780679734529,5,4.17,Vintage Classics,Paperback,136,1994,1864,,3/22/2020,,,read,,,,1,0
780889,The Sorrow Of War: A Novel of North Vietnam,Bảo Ninh,"Ninh, Bảo","Phan Thanh Hảo, Frank Palmos",1573225436,9781573225434,3,4.05,Riverhead Books/The Berkley Publishing Group/Penguin Putnam Inc.,Paperback,233,1996,1987,4/1/2020,3/28/2020,,,read,,,,1,0
34273236,Little Fires Everywhere,Celeste Ng,"Ng, Celeste",,0735224293,9780735224292,4,4.09,Penguin Press,Hardcover,338,2017,2017,,5/23/2020,,,read,,,,1,0
779021,The Happy Prince and Other Tales,Oscar Wilde,"Wilde, Oscar",,0679444734,9780679444732,5,4.12,Everyman's Library,Hardcover,96,1995,1888,,5/15/2020,,,read,,,,1,0
6452731,Justice: What's the Right Thing to Do?,Michael J. Sandel,"Sandel, Michael J.",,0374180652,9780374180652,4,4.32,Farrar Straus Giroux,Hardcover,308,2009,2009,1/1/2019,4/12/2020,,,read,,,,1,0
19063,The Book Thief,Markus Zusak,"Zusak, Markus",,,,4,4.39,Alfred A. Knopf,Hardcover,552,2006,2006,,8/21/2019,,,read,,,,1,0
59716,To the Lighthouse,Virginia Woolf,"Woolf, Virginia","Eudora Welty, جرجس منسي",,,3,3.79,Harvest Books,Paperback,209,1989,1927,3/28/2020,10/9/2019,,,read,,,,1,0
9777,The God of Small Things,Arundhati Roy,"Roy, Arundhati",,0679457313,9780679457312,4,3.95,Random House,Hardcover,321,1997,1997,,12/17/2019,,,read,,,,1,0
26011489,"Six of Crows (Six of Crows, #1)",Leigh Bardugo,"Bardugo, Leigh",,,,4,4.49,Orion Children's Books,Kindle Edition,479,2015,2015,8/21/2019,4/24/2019,,,read,,,,1,0
18886906,The Godfather,Mario Puzo,"Puzo, Mario",,,,4,4.38,Cornerstone Digital,Kindle Edition,612,2012,1969,8/21/2019,4/24/2019,,,read,,,,1,0
49552,The Stranger,Albert Camus,"Camus, Albert",Matthew  Ward,,,4,4.01,Vintage International,Paperback,159,1989,1942,,10/9/2019,,,read,,,,1,0
323455,De Profundis,Oscar Wilde,"Wilde, Oscar","Masolino d'Amico, Oreste Del Buono",,,4,4.21,Fontamara,Paperback,188,1993,1897,,4/12/2020,,,read,,,,1,0
157993,The Little Prince,Antoine de Saint-Exupéry,"Saint-Exupéry, Antoine de",Richard Howard,,,4,4.32,"Harcourt, Inc.",Paperback,96,2000,1943,,12/18/2019,,,read,,,,1,0
25955,The Medium is the Massage,Marshall McLuhan,"McLuhan, Marshall","Quentin Fiore, Jerome Agel",1584230703,9781584230700,0,3.97,Gingko Press,Paperback,160,2001,1967,,3/29/2020,to-read,to-read (#24),to-read,,,,0,0
14572,Peace Is Every Step: The Path of Mindfulness in Everyday Life,Thich Nhat Hanh,"Hanh, Thich Nhat","Arnold Kotler, Dalai Lama XIV",0553351397,9780553351392,0,4.3,Bantam,Paperback,160,1992,1992,,3/28/2020,to-read,to-read (#23),to-read,,,,0,0
36436100,Notes on Camp,Susan Sontag,"Sontag, Susan",,0241339707,9780241339701,0,3.95,Penguin Classics,Paperback,55,2018,1964,,3/28/2020,to-read,to-read (#22),to-read,,,,0,0
67896,Tao Te Ching,Lao Tzu,"Tzu, Lao","Jacob Needleman, Brian Browne Walker, Jane English, James Legge, Toinette Lippe, Vladimir Antonov, Claudio Lamparelli, Gia-Fu Feng, Mikhail Nikolenko",0679724346,9780679724346,0,4.29,Vintage,Paperback,160,1989,-400,,3/28/2020,to-read,to-read (#21),to-read,,,,0,0
135836,"Trainspotting (Mark Renton, #2)",Irvine Welsh,"Welsh, Irvine",,0099465892,9780099465898,0,4.09,Vintage,Paperback,431,1994,1993,,3/28/2020,to-read,to-read (#20),to-read,,,,0,0
11987,The Myth of Sisyphus and Other Essays,Albert Camus,"Camus, Albert",Justin O'Brien,,,0,4.22,Vintage International,Paperback,212,1991,1942,,3/28/2020,to-read,to-read (#19),to-read,,,,0,0
485894,The Metamorphosis,Franz Kafka,"Kafka, Franz",Stanley Corngold,,,0,3.84,Bantam Classics,Paperback,201,1972,1915,,3/28/2020,to-read,to-read (#18),to-read,,,,0,0
94578,The Gay Science,Friedrich Nietzsche,"Nietzsche, Friedrich",Walter Kaufmann,0394719859,9780394719856,0,4.26,Random House,Mass Market Paperback,396,1974,1882,,3/28/2020,to-read,to-read (#17),to-read,,,,0,0
24965,Fear and Trembling,Søren Kierkegaard,"Kierkegaard, Søren",Alastair Hannay,0143037579,9780143037576,0,4,Penguin Books,Paperback,160,2006,1843,,3/28/2020,to-read,to-read (#16),to-read,,,,0,0
18045891,Sharp Objects,Gillian Flynn,"Flynn, Gillian",,,,3,4.01,Broadway Paperbacks,Paperback,254,2006,2006,,12/18/2019,,,read,,,,1,0
329866,The Dream of a Ridiculous Man,Fyodor Dostoevsky,"Dostoevsky, Fyodor",,1419160222,9781419160226,3,4.01,Kessinger Publishing,Paperback,32,2004,1877,,8/27/2019,,,read,,,,1,0
34856675,becoming.,Renaada Williams,"Williams, Renaada",,,,2,3.95,,Kindle Edition,130,2017,,,10/9/2019,,,read,,,,1,0
4671,The Great Gatsby,F. Scott Fitzgerald,"Fitzgerald, F. Scott",,,,4,3.93,Scribner,Paperback,180,2004,1925,,10/9/2019,,,read,,,,1,0
26877039,Milk and Honey,Rupi Kaur,"Kaur, Rupi",,,,2,4.01,Andrews McMeel Publishing,Kindle Edition,208,2015,2014,8/21/2019,4/24/2019,,,read,,,,1,0
11273677,Mắt Biếc,Nguyễn Nhật Ánh,"Ánh, Nguyễn Nhật",,,,3,4.05,NXB Trẻ,Paperback,298,2011,1990,,8/21/2019,,,read,,,,1,0
5886881,Dark Places,Gillian Flynn,"Flynn, Gillian",,0307341569,9780307341563,3,3.95,Shaye Areheart Books,Hardcover,349,2009,2009,,12/31/2019,,,read,,,,1,0
7604,Lolita,Vladimir Nabokov,"Nabokov, Vladimir",Craig Raine,,,4,3.88,Penguin,Paperback,331,1995,1955,1/9/2020,10/9/2019,,,read,"unbearable in the beginning, also unbearable in the end (but for entirely different reasons).",,,1,0
66421,Politics of Piety: The Islamic Revival and the Feminist Subject,Saba Mahmood,"Mahmood, Saba",,0691086958,9780691086958,0,4.16,Princeton University Press,Paperback,233,2004,2004,,1/16/2020,to-read,to-read (#15),to-read,,,,0,0
42955,The Drifters,James A. Michener,"Michener, James A.",,0449213536,9780449213537,4,4.05,Fawcett Books,Paperback,768,1986,1971,,8/21/2019,,,read,,,,1,0
9175777,"Chi Pheo, Paria Casse-Cou",Nam Cao,"Cao, Nam",Le Van Lap,2876783355,9782876783355,5,4.31,Editions de l'Aube,Paperback,185,1997,1941,,1/1/2020,,,read,,,,1,0
2213661,The Graveyard Book,Neil Gaiman,"Gaiman, Neil",Dave McKean,0060530928,9780060530921,0,4.15,HarperCollins,Hardcover,312,2008,2008,,1/1/2020,to-read,to-read (#14),to-read,,,,0,0
537094,The Overcoat,Nikolai Gogol,"Gogol, Nikolai",,1419176528,9781419176524,0,4.15,Kessinger Publishing,Paperback,57,2004,1842,,1/1/2020,to-read,to-read (#13),to-read,,,,0,0
7003187,Cánh Đồng Bất Tận,Nguyễn Ngọc Tư,"Tư, Nguyễn Ngọc",,,9786041004683,0,4.27,NXB Trẻ,Paperback,216,2006,2005,,1/1/2020,to-read,to-read (#12),to-read,,,,0,0
7763,The Joy Luck Club,Amy Tan,"Tan, Amy",,,,0,3.95,Penguin Books,Paperback,352,2006,1989,,12/30/2019,to-read,to-read (#11),to-read,,,,0,0
355190,Orientalism,Edward W. Said,"Said, Edward W.",,,,0,4.09,Vintage,Paperback,424,2003,1978,,12/30/2019,to-read,to-read (#9),to-read,,,,0,0
19288043,Gone Girl,Gillian Flynn,"Flynn, Gillian",,,,4,4.11,Broadway Books,Paperback,415,2014,2012,12/30/2019,10/9/2019,,,read,,,,1,0
4981,Slaughterhouse-Five,Kurt Vonnegut Jr.,"Jr., Kurt Vonnegut",,0385333846,9780385333849,0,4.09,Dial Press,Paperback,275,1999,1969,,12/18/2019,to-read,to-read (#8),to-read,,,,0,0
30289,The Republic,Plato,"Plato, Plato","Desmond Lee, Maria Helena da Rocha Pereira, Leonel Vallandro, Benjamin Jowett",0140449140,9780140449143,0,3.96,Penguin Classics,Paperback,416,2003,-375,,12/18/2019,to-read,to-read (#7),to-read,,,,0,0
30165203,"American Gods (American Gods, #1)",Neil Gaiman,"Gaiman, Neil",,,,0,4.11,William Morrow,Kindle Edition,635,2011,2001,,12/18/2019,to-read,to-read (#6),to-read,,,,0,0
28862,The Prince,Niccolò Machiavelli,"Machiavelli, Niccolò","Rufus Goodwin, Benjamin Martinez, W.K. Marriott, Denis Daly, Μαρία Κασωτάκη",0937832383,9780937832387,0,3.83,Dante University of America Press,Paperback,140,2003,1513,,12/18/2019,to-read,to-read (#5),to-read,,,,0,0
17690,The Trial,Franz Kafka,"Kafka, Franz","Max Brod, Willa Muir, Edwin Muir",,,0,3.96,Vintage,Paperback,255,2001,1925,,12/18/2019,to-read,to-read (#4),to-read,,,,0,0
1371,The Iliad,Homer,"Homer, Homer","Robert Fagles, Andrew Lang, Alexander Pope, W.H.D. Rouse, Bernard Knox, William Lucas Collins, G. Chapman, Walter Leaf, Ernest Myers, Gilbert Wakefield, Prentiss Cummings, R. Hooper, Richmond Lattimore, G. Cerri",0140275363,9780140275360,0,3.89,Penguin Classics,Paperback,704,1999,-800,,12/18/2019,to-read,to-read (#3),to-read,,,,0,0
4934,The Brothers Karamazov,Fyodor Dostoevsky,"Dostoevsky, Fyodor","Richard Pevear, Larissa Volokhonsky, Borut Kraševec, Ива Николова",,,0,4.35,"Farrar, Straus and Giroux",Paperback,796,2002,1879,,12/18/2019,to-read,to-read (#2),to-read,,,,0,0
128029,A Thousand Splendid Suns,Khaled Hosseini,"Hosseini, Khaled",,1594489505,9781594489501,0,4.41,Riverhead Books,Hardcover,372,2007,2007,,12/18/2019,to-read,to-read (#1),to-read,,,,0,0
